caseid_new,relationship_len,partner_deceased,relationship_quality_w1
22526,12,0,good
23286,13,0,good
26315,8,0,good
28536,17,0,good
29584,35,0,good
31456,9,0,excellent
32656,32,0,excellent
33536,18,0,excellent
34341,19,0,excellent
35653,14,0,excellent
36493,0.15,0,fair
38895,24,0,good
40335,2.5,0,good
41505,0.15,0,good
43381,16,0,excellent
44486,6,0,good
46746,48,0,excellent
48225,5.45,0,excellent
49731,51,0,excellent
51376,3.5,0,good
54415,0.45,0,good
55365,6,0,good
55686,17,0,excellent
56536,15,0,good
58295,9,0,excellent
60743,0.15,0,good
62283,0.75,0,good
64331,12,0,excellent
65446,0.75,0,excellent
66484,0.75,0,good
68546,25,0,good
69311,11,0,good
72515,11,0,good
73603,29,0,very poor
75621,34,0,good
77256,10,0,excellent
78351,21,0,good
79731,31,0,good
80656,35,0,excellent
81286,7.5,0,excellent
82431,31,0,good
83431,28,0,excellent
85281,15,0,excellent
86591,24,0,excellent
89766,40,0,excellent
94431,19,0,good
95431,30,0,fair
97195,2.45,0,excellent
99611,45,0,excellent
100331,16,0,good
103545,9,0,excellent
104565,5,0,excellent
106296,10,0,good
108381,24,0,fair
108501,32,0,excellent
110316,9,0,good
112646,35,0,excellent
113235,8,0,good
114276,10,0,excellent
115473,11,0,good
116271,12,0,excellent
117401,19,0,good
119371,13,0,excellent
119663,25,0,good
120456,26,0,excellent
121515,9,0,good
122441,29,0,excellent
125346,6,0,fair
126231,11,0,excellent
128441,6.5,0,excellent
130266,7.5,0,excellent
131561,43,0,excellent
133521,41,0,excellent
134275,7.5,0,excellent
134461,5.75,0,excellent
135736,23,0,excellent
136275,6.5,0,good
137215,7.5,0,excellent
140511,36,0,excellent
142561,44,0,excellent
143746,45,1,excellent
144545,19,0,excellent
145611,46,0,excellent
147245,2.75,0,fair
147525,23,0,excellent
150411,13,0,excellent
151506,15,0,excellent
152762,59,1,fair
154531,34,0,good
155561,40,0,excellent
156486,13,0,excellent
157421,16,0,good
158261,11,0,excellent
161715,51,0,excellent
162521,34,0,good
163195,5.15,0,excellent
166381,15,0,excellent
167245,6,0,excellent
168646,26,0,excellent
171391,5.45,0,good
172291,18,0,excellent
173671,54,0,good
174603,15,0,excellent
176495,7.5,0,excellent
177386,14,0,good
179461,27,0,good
180415,17,0,excellent
181403,19,0,excellent
185405,6.5,0,good
187511,16,0,excellent
189411,27,0,excellent
190215,3.5,0,excellent
191546,38,0,good
192341,16,0,good
193446,11,0,fair
194441,32,0,good
196851,76,0,excellent
197486,22,0,good
199261,10,0,excellent
202631,41,0,excellent
203562,2.5,0,fair
204561,44,0,good
205421,25,0,excellent
206541,40,0,excellent
209345,13,0,fair
211571,45,0,excellent
212505,0.75,0,good
214591,37,0,excellent
217365,2.5,0,fair
218426,1.45,0,excellent
219265,17,0,excellent
220411,16,0,excellent
221225,2.75,0,excellent
222281,10,0,excellent
224425,27,0,good
225411,28,0,good
225516,35,0,excellent
226381,10,0,excellent
228741,17,1,excellent
229666,21,0,good
230271,13,0,good
230651,38,1,excellent
231421,29,0,excellent
233441,25,0,excellent
236195,0.05,0,good
236456,11,0,excellent
239561,46,0,excellent
242355,5.75,0,good
244431,28,0,good
245671,50,0,good
246531,26,0,excellent
247475,24,0,good
249441,28,0,good
250546,18,0,excellent
251822,58,1,excellent
253483,10,0,good
254236,7,0,excellent
255375,6.5,0,good
256696,25,0,excellent
257822,65,1,excellent
259495,8,0,excellent
260461,20,0,good
261591,27,0,excellent
262566,26,0,good
266436,19,0,excellent
267361,25,0,excellent
269331,18,0,excellent
270225,2.05,0,good
271623,37,0,excellent
272616,19,0,good
273431,20,0,fair
273651,36,0,excellent
274536,29,0,excellent
275653,49,0,excellent
277391,21,0,excellent
278413,0.75,0,good
279534,17,0,fair
282691,48,0,excellent
283386,8,0,excellent
284426,1.5,0,good
285261,10,0,excellent
286556,19,0,excellent
287496,7.5,0,excellent
288666,10,0,excellent
289486,15,0,fair
290531,28,0,excellent
291286,10,0,excellent
293336,19,0,excellent
295531,35,0,excellent
296851,55,0,excellent
297285,1.5,0,very poor
298551,42,0,excellent
301251,9,0,good
303195,7.5,0,excellent
304561,17,0,excellent
305321,17,0,excellent
306336,16,0,excellent
307423,1.75,0,excellent
307461,36,0,excellent
309276,3.5,0,good
311251,7.5,0,good
312373,2.5,0,good
314341,17,0,good
320631,36,0,good
321421,27,0,good
322421,21,0,good
323481,31,0,excellent
326341,19,0,excellent
328341,14,0,good
329551,31,0,good
330496,35,0,excellent
331691,52,1,good
332401,25,0,excellent
333541,12,0,good
335326,6.5,0,excellent
336205,7,0,excellent
337581,43,0,excellent
338546,39,0,good
341391,5,0,good
342596,24,0,good
343421,31,0,excellent
344396,14,0,excellent
345491,12,0,poor
346371,24,0,excellent
347716,22,0,good
348456,9,0,good
350771,61,0,excellent
351405,0.75,0,good
352336,20,0,excellent
353285,16,0,excellent
354331,13,0,good
355771,65,0,excellent
358321,18,0,excellent
359511,11,0,good
360291,14,0,
361593,12,1,excellent
362491,39,0,excellent
363761,66,0,excellent
364365,9,0,excellent
367471,33,0,very poor
368611,51,0,excellent
370713,43,0,fair
371551,38,0,good
374391,16,0,good
375351,19,0,very poor
375486,13,0,excellent
378221,7.5,0,excellent
379781,5,1,excellent
380351,15,1,excellent
381295,6,0,excellent
383281,14,0,excellent
385491,26,0,good
386546,16,0,excellent
388731,59,0,excellent
389541,33,0,good
390431,13,0,excellent
392315,0.45,0,fair
392341,17,0,excellent
393591,48,0,excellent
396291,16,0,excellent
399361,20,0,excellent
401561,16,0,good
405782,6.5,0,excellent
406672,0.75,0,excellent
412281,4.5,0,fair
413606,32,0,excellent
414721,56,0,excellent
420285,6.5,0,excellent
421436,16,0,excellent
422485,13,0,fair
423411,23,0,excellent
425381,27,0,excellent
427821,70,0,excellent
429306,13,0,excellent
431851,33,0,good
432411,24,0,good
433481,25,0,good
437831,41,0,excellent
439271,11,0,excellent
440811,66,0,excellent
441341,24,0,excellent
443301,7.5,0,good
444371,20,0,good
445591,47,0,excellent
448326,7,0,excellent
449566,22,0,excellent
450291,15,0,excellent
452446,20,0,good
453361,24,0,excellent
454456,12,0,excellent
455601,20,0,excellent
458621,36,0,good
461511,41,0,excellent
465386,9,0,good
466852,11,0,good
468225,0.75,0,good
469391,20,0,excellent
470261,13,0,good
471426,9,0,good
472431,9,0,excellent
475485,31,0,excellent
478561,42,0,fair
480501,40,0,good
481445,12,0,excellent
483591,41,0,excellent
484581,39,0,good
489621,49,0,excellent
490291,12,0,good
491772,2.5,0,excellent
494215,7.5,0,excellent
496215,5.05,0,excellent
497295,6.5,0,excellent
499271,9,0,excellent
501306,10,0,good
502721,60,0,excellent
505381,26,0,excellent
506515,1.5,0,good
507491,34,0,excellent
508361,20,0,excellent
509391,22,0,good
511386,9,0,good
512356,17,0,excellent
513831,63,0,excellent
515281,9,0,excellent
516446,27,0,excellent
518481,27,0,
520581,40,0,excellent
523401,20,0,very poor
524471,21,0,good
525291,7,0,excellent
526701,60,0,excellent
527611,41,0,excellent
531265,5.75,0,excellent
532341,13,0,excellent
533831,63,1,excellent
535331,22,0,good
536205,2.5,0,excellent
538571,24,0,good
540435,9,0,good
541261,10,0,excellent
542711,30,0,excellent
543641,17,0,excellent
545326,10,0,
546195,9,0,excellent
549235,5,0,excellent
552391,17,0,good
553481,34,0,excellent
554226,5.75,0,excellent
555401,24,0,excellent
556351,20,0,fair
557215,1.5,0,good
561504,22,0,fair
563456,18,0,good
564405,23,0,excellent
566581,35,0,excellent
567481,33,0,excellent
569215,6.5,0,excellent
570541,13,0,excellent
571671,40,0,excellent
573381,13,0,good
576461,22,0,excellent
577531,33,0,fair
578381,27,0,excellent
579591,50,0,good
580281,16,0,excellent
581391,24,0,good
582561,42,0,excellent
586275,0.75,0,good
587291,18,0,excellent
591385,7.5,0,excellent
593511,40,0,good
594631,20,0,excellent
595611,30,1,excellent
596591,47,0,excellent
597341,11,0,good
599531,23,0,fair
600571,42,0,excellent
601241,10,0,excellent
602406,0.15,0,excellent
604521,41,0,fair
606225,6.5,0,good
609701,44,0,good
610321,8,0,excellent
611351,11,0,good
612291,10,0,excellent
613781,60,0,excellent
615255,4,0,good
617501,19,0,excellent
619451,10,0,excellent
620565,16,0,excellent
622641,45,0,poor
623493,0.75,0,fair
624536,36,0,good
626255,10,0,excellent
627533,0.15,0,good
628841,72,0,good
630534,28,0,poor
632473,21,1,good
633631,19,0,good
635411,21,0,excellent
636631,52,0,excellent
639211,5,0,good
640596,9,0,good
645922,81,0,excellent
646613,1.5,1,excellent
648586,26,0,good
650616,25,0,fair
651701,55,0,excellent
652271,14,0,excellent
653573,26,0,good
654431,22,0,good
655505,2.5,0,fair
656225,9,0,good
657761,61,0,excellent
658356,22,0,good
660391,11,0,good
661466,25,0,good
663872,66,1,excellent
664501,28,0,good
665256,9,0,excellent
666686,15,1,excellent
667321,10,0,good
668501,34,0,excellent
669511,30,0,good
670721,54,0,excellent
671481,24,0,excellent
672681,53,0,excellent
673371,26,0,excellent
675671,54,0,excellent
677226,11,0,excellent
680225,5.05,0,excellent
686266,6,0,excellent
689556,19,0,good
690195,0.75,0,good
692321,13,0,good
693365,7.5,0,excellent
696413,1.45,0,excellent
697396,13,0,good
698271,14,0,good
700396,25,0,excellent
701496,15,0,excellent
703215,9,0,excellent
704331,13,0,excellent
706306,6.5,0,good
709205,0.05,0,good
711676,29,0,excellent
712403,6,0,poor
714533,9,0,excellent
715631,33,0,good
717491,20,0,excellent
718255,6.5,0,excellent
719606,37,0,excellent
721305,6.5,0,excellent
722225,1.75,0,good
723325,5.05,0,excellent
724301,13,0,excellent
725421,19,0,excellent
726441,31,0,excellent
727261,6.5,0,excellent
729486,26,0,excellent
731431,27,0,excellent
733315,16,0,good
734541,22,0,good
735751,60,1,good
737741,64,0,excellent
738561,18,0,fair
740205,6,0,fair
741351,10,0,excellent
742246,13,0,excellent
744391,26,0,good
745435,,0,good
746481,38,0,excellent
747281,12,0,excellent
748371,18,0,excellent
749566,14,0,excellent
750561,43,0,excellent
752271,13,0,excellent
754281,15,0,excellent
755501,25,0,fair
756296,14,0,good
758456,26,0,excellent
761391,14,0,excellent
762205,6.5,0,excellent
767351,14,0,good
768371,18,0,excellent
771351,21,0,excellent
772291,18,0,excellent
773351,23,0,excellent
774401,11,0,good
775703,9,0,good
777281,12,0,good
778421,28,0,excellent
780753,31,0,excellent
781615,26,0,excellent
782861,65,0,excellent
784651,49,0,excellent
786215,12,0,excellent
787561,10,0,excellent
788331,16,0,good
789391,23,0,good
790595,31,0,good
791225,6,0,excellent
792573,16,0,excellent
793436,12,0,excellent
794276,6,0,excellent
797421,9,0,poor
798543,4.75,0,fair
799451,,0,excellent
800531,37,0,fair
803573,9,0,good
805546,4.5,1,good
806551,41,0,excellent
808583,2.5,0,good
809281,13,0,excellent
810426,7,0,fair
811741,59,0,excellent
813506,10,0,good
816456,12,0,good
817691,48,1,excellent
818301,18,0,excellent
819481,28,0,excellent
820666,33,0,excellent
821611,46,0,excellent
825281,12,0,good
826486,3.5,0,excellent
827952,74,0,excellent
828286,16,0,excellent
829216,2.5,0,excellent
830551,22,0,excellent
831431,27,0,excellent
832551,28,0,excellent
834531,42,0,excellent
836491,12,0,excellent
837215,1.75,0,excellent
838523,7.5,0,excellent
839386,14,0,excellent
840205,0.45,0,excellent
841581,46,0,excellent
842195,6.5,0,excellent
843215,1.15,0,excellent
846681,29,0,excellent
847471,23,0,good
849591,15,0,excellent
850621,39,0,excellent
852291,10,0,excellent
854321,7.5,0,excellent
855291,18,0,good
857421,18,0,excellent
860495,30,0,excellent
863321,19,0,good
864491,35,0,good
865761,62,0,excellent
866281,14,0,excellent
867591,47,0,excellent
870281,13,0,very poor
871691,58,0,fair
872215,1.5,0,good
873623,14,0,good
875485,4,0,fair
877525,3.5,0,excellent
878321,9,0,excellent
879303,0.15,0,good
881325,7.5,0,good
883411,28,0,excellent
885511,39,0,excellent
886295,5.15,0,poor
887421,31,0,excellent
888391,14,0,good
889295,2.5,0,good
891551,39,0,good
892453,5,0,very poor
895411,23,0,fair
896413,23,0,good
898456,14,0,excellent
899246,6.5,0,fair
900391,17,0,excellent
901691,44,0,excellent
902521,11,0,excellent
903206,8,0,excellent
904751,27,0,excellent
905491,24,0,excellent
906593,0.45,0,fair
907301,13,0,excellent
909792,10,1,excellent
910521,15,0,fair
918235,1.15,0,good
919582,27,1,excellent
922591,29,0,excellent
923466,21,0,good
924602,45,0,good
926551,30,0,excellent
928523,0.05,0,excellent
932566,5.45,0,excellent
934261,10,0,excellent
935521,11,0,good
939441,32,0,fair
942656,30,0,excellent
943441,18,0,excellent
944531,18,0,excellent
945665,27,0,excellent
946371,24,0,good
948531,31,1,excellent
951271,14,0,excellent
952371,10,0,good
953681,40,0,excellent
954702,15,0,good
956591,30,0,good
959381,15,0,good
960593,12,0,good
963573,8,0,poor
965575,21,0,fair
966351,26,0,good
967663,50,0,good
971831,60,0,excellent
972391,12,0,excellent
973581,22,0,excellent
974591,30,0,excellent
976531,43,0,excellent
977741,59,0,fair
978651,53,0,excellent
979711,54,0,excellent
982591,9,0,excellent
983661,19,0,excellent
984451,33,0,good
985571,40,0,good
986481,38,0,good
987411,24,0,excellent
989215,11,0,excellent
990636,28,0,excellent
991466,11,0,good
992341,14,0,good
995656,17,0,good
998391,14,0,excellent
999231,9,0,good
1000561,39,0,excellent
1001791,58,0,good
1003291,15,0,excellent
1004741,62,0,good
1005421,27,0,fair
1006611,30,0,excellent
1008275,10,0,excellent
1009361,12,0,excellent
1010732,51,1,good
1011511,19,0,excellent
1013451,26,0,excellent
1015371,21,0,excellent
1017606,37,0,excellent
1018641,49,0,good
1021791,64,0,good
1022721,45,0,excellent
1023721,59,0,excellent
1024643,21,0,excellent
1026381,12,0,good
1029571,43,1,excellent
1030441,29,0,excellent
1031721,21,0,excellent
1033811,43,0,excellent
1034483,22,0,excellent
1035596,24,0,excellent
1036721,21,0,excellent
1037633,5.75,0,good
1038241,15,0,fair
1039481,36,0,excellent
1040361,9,0,excellent
1041291,10,0,excellent
1043811,65,0,excellent
1044601,47,0,excellent
1045611,50,0,excellent
1046321,16,0,excellent
1048266,7.5,0,excellent
1050395,15,0,good
1052595,21,0,excellent
1057782,48,0,
1058195,0.45,0,good
1059286,13,0,excellent
1061491,38,0,excellent
1062551,32,0,excellent
1064496,1.5,0,good
1069616,10,0,excellent
1073351,14,0,good
1074381,29,0,good
1075832,70,0,fair
1076291,15,0,excellent
1078631,32,0,excellent
1079255,7.5,0,excellent
1080831,60,0,excellent
1083446,22,0,excellent
1084706,21,0,excellent
1085626,10,0,good
1087551,40,0,excellent
1090535,8,0,excellent
1091712,9,0,excellent
1092291,12,0,excellent
1093441,12,0,excellent
1094453,19,0,good
1096341,15,0,excellent
1097281,10,0,excellent
1098406,9,0,good
1099651,50,0,excellent
1100361,20,0,excellent
1101471,34,0,good
1103641,36,0,excellent
1104541,39,0,excellent
1105706,25,0,good
1106521,37,0,poor
1109341,20,0,excellent
1110421,27,0,excellent
1111291,6,0,fair
1112651,53,0,excellent
1113205,9,0,excellent
1114781,49,0,excellent
1115241,11,0,excellent
1118711,38,0,excellent
1119781,50,0,excellent
1121235,2.75,0,good
1123532,37,0,excellent
1124611,47,0,excellent
1127351,19,0,excellent
1130254,10,0,fair
1131421,19,0,good
1133286,15,0,fair
1134571,43,0,excellent
1135451,18,0,good
1136341,11,0,excellent
1137461,29,0,good
1138226,9,0,excellent
1140623,6,0,excellent
1144612,19,1,excellent
1145473,9,0,good
1146742,6.5,0,good
1147471,36,0,excellent
1148571,14,0,fair
1149591,49,0,fair
1152556,33,0,excellent
1153741,60,0,excellent
1154421,21,0,excellent
1155496,33,0,good
1157671,47,0,excellent
1160731,60,0,excellent
1162493,4,0,good
1163761,64,0,good
1164235,5.75,0,excellent
1166341,18,0,excellent
1169771,66,0,excellent
1170601,18,0,fair
1171561,20,1,excellent
1173661,15,0,excellent
1177285,1.45,0,excellent
1179591,49,0,excellent
1180271,16,0,fair
1181656,18,0,excellent
1183831,70,0,excellent
1184501,37,0,good
1185644,27,0,excellent
1187235,6.5,0,excellent
1188821,66,0,fair
1189486,25,0,good
1193586,12,0,good
1198411,27,0,fair
1199541,40,0,very poor
1200626,19,0,excellent
1202681,55,0,excellent
1203431,25,0,excellent
1204395,6.5,0,good
1205802,52,0,excellent
1206512,27,0,good
1207731,58,0,fair
1208205,5.45,0,excellent
1209621,33,0,excellent
1210536,9,0,excellent
1213771,55,0,excellent
1214546,9,0,good
1216365,17,0,good
1217341,12,0,fair
1219921,75,0,excellent
1220631,34,0,excellent
1222671,54,0,good
1223621,36,0,excellent
1225585,0.15,0,excellent
1226651,48,0,good
1228415,0.45,0,excellent
1232501,34,0,good
1233501,39,0,excellent
1234331,20,0,good
1235316,17,0,good
1240456,15,0,good
1241521,34,0,excellent
1243681,55,0,excellent
1249671,52,0,excellent
1250456,7.5,0,excellent
1252476,11,0,excellent
1253471,10,0,excellent
1254703,13,0,excellent
1255801,65,0,excellent
1256565,10,0,good
1257371,21,0,excellent
1258751,59,0,excellent
1260536,19,0,excellent
1261401,20,0,excellent
1262421,13,0,good
1263261,9,0,excellent
1265752,64,0,excellent
1266516,17,0,good
1267401,27,0,excellent
1269411,15,0,excellent
1270636,41,0,excellent
1271456,20,0,good
1273236,9,0,excellent
1274576,22,0,excellent
1275585,4.45,0,fair
1277421,29,0,excellent
1278541,32,1,excellent
1279296,4,0,fair
1280305,7.5,0,excellent
1281395,7,0,fair
1283621,42,0,excellent
1284701,58,0,excellent
1285703,37,0,good
1286415,9,0,excellent
1287613,7.5,0,good
1289291,20,0,excellent
1290401,12,0,excellent
1291771,56,0,excellent
1294631,47,0,excellent
1297901,75,0,excellent
1298581,21,0,excellent
1299356,11,0,excellent
1301626,42,0,excellent
1302415,4.5,0,excellent
1303571,34,0,excellent
1305741,62,0,excellent
1306381,12,0,excellent
1307306,9,0,excellent
1308821,67,0,excellent
1310523,3.75,0,excellent
1312301,15,0,excellent
1313431,26,0,excellent
1314201,7.5,0,excellent
1315536,8,0,excellent
1316391,22,0,fair
1320215,10,0,excellent
1323596,18,0,excellent
1325391,29,0,excellent
1326451,24,0,excellent
1327693,20,0,excellent
1328713,44,0,excellent
1329235,7.5,0,good
1330251,9,0,excellent
1332405,6.5,0,excellent
1333711,57,0,excellent
1334261,9,0,excellent
1335363,5.75,0,good
1340556,34,0,good
1341511,37,0,excellent
1345356,9,0,excellent
1348345,0.15,0,good
1349311,11,0,excellent
1352771,59,0,excellent
1354291,15,0,excellent
1356751,63,0,excellent
1358455,7.5,0,excellent
1361771,57,0,excellent
1363253,11,0,good
1364533,2.5,0,good
1366341,17,0,excellent
1367841,62,0,excellent
1368545,0.75,0,excellent
1369721,22,0,excellent
1370453,11,0,fair
1371681,57,0,excellent
1372391,23,0,excellent
1373663,1.5,0,fair
1374731,56,0,excellent
1375681,41,0,good
1376386,9,0,good
1377811,66,0,excellent
1378732,59,0,fair
1379291,13,0,excellent
1380606,29,0,excellent
1381205,5.75,0,excellent
1382546,9,0,good
1383671,51,0,excellent
1384431,18,0,excellent
1386291,14,0,excellent
1387255,6.5,0,good
1388606,9,0,excellent
1392612,13,0,fair
1393286,15,0,excellent
1394385,9,0,good
1396626,7,0,good
1398431,20,0,fair
1401456,25,0,good
1402461,30,0,good
1403571,42,0,excellent
1405701,36,0,excellent
1408531,45,0,fair
1409551,40,0,excellent
1410441,24,0,excellent
1411661,46,0,excellent
1412495,11,0,good
1413821,9,0,good
1416791,63,0,excellent
1418265,9,0,excellent
1421401,23,0,good
1422621,45,0,excellent
1425271,14,0,excellent
1426355,7.5,0,excellent
1427636,28,0,excellent
1428631,44,0,excellent
1430681,19,0,excellent
1433533,43,0,good
1434421,18,0,good
1435285,0.05,0,good
1437591,44,0,good
1438781,59,0,excellent
1439225,1.5,0,excellent
1440573,2.75,0,excellent
1445491,18,0,excellent
1446561,34,0,excellent
1447506,5.75,0,good
1449706,22,0,excellent
1450553,5.45,0,good
1451501,36,0,good
1453663,5.05,0,good
1454411,20,0,good
1456556,18,0,good
1458801,67,0,excellent
1459321,13,0,excellent
1461341,17,0,excellent
1463856,0.15,0,excellent
1464431,20,0,excellent
1465371,22,0,excellent
1466245,13,0,good
1467541,26,0,excellent
1468606,41,0,good
1469225,5.45,0,excellent
1472491,32,0,excellent
1473421,20,0,excellent
1474566,31,0,good
1475711,53,0,excellent
1476271,14,0,good
1477205,6.5,0,excellent
1478566,42,0,excellent
1479275,0.15,0,good
1480621,48,0,excellent
1482336,14,0,excellent
1484521,41,0,good
1485791,,0,excellent
1488486,14,0,excellent
1490563,9,0,good
1491391,21,0,excellent
1492642,9,0,excellent
1493501,34,0,good
1494381,20,0,excellent
1495643,14,0,good
1496621,51,0,excellent
1497641,42,0,good
1498471,32,0,excellent
1500551,12,0,excellent
1505246,15,0,fair
1506761,31,0,excellent
1507475,0.15,1,good
1509726,35,1,good
1511571,43,1,excellent
1512761,64,0,excellent
1513511,35,0,poor
1514561,39,0,excellent
1515601,43,0,excellent
1516441,18,0,excellent
1517771,54,0,excellent
1518501,20,0,excellent
1519266,0.15,0,good
1520271,16,0,very poor
1521461,34,0,good
1522341,14,0,good
1523526,17,0,excellent
1524351,15,0,excellent
1525665,15,0,good
1527295,5.75,0,excellent
1529205,1.5,0,excellent
1530311,15,0,excellent
1531821,46,0,excellent
1532631,34,0,good
1534361,9,0,excellent
1536831,68,0,excellent
1537541,18,0,excellent
1538731,59,0,excellent
1540693,3.5,0,excellent
1541384,5.45,0,excellent
1544581,12,0,good
1546505,13,0,excellent
1547271,11,0,excellent
1549701,30,0,excellent
1550851,69,0,excellent
1551231,2.05,0,good
1552386,1.75,0,good
1553205,0.05,0,good
1554466,20,0,excellent
1555195,5.75,0,good
1558251,11,0,excellent
1559571,15,0,excellent
1560702,53,0,excellent
1563713,5.15,0,excellent
1564453,5.75,0,good
1565636,30,0,good
1567444,12,0,excellent
1568251,9,0,good
1569351,20,0,excellent
1570286,13,0,excellent
1571463,1.5,0,fair
1573641,46,0,excellent
1574481,16,0,excellent
1575691,59,0,excellent
1577546,9,0,excellent
1579693,30,0,good
1580691,24,0,excellent
1582653,5.75,0,excellent
1584491,26,0,excellent
1585543,5.15,0,fair
1586641,20,0,excellent
1587316,10,0,fair
1588416,9,0,good
1589361,26,0,good
1590491,10,0,excellent
1591601,20,0,good
1592631,25,0,good
1593301,9,0,excellent
1594842,68,0,excellent
1595371,14,0,excellent
1597546,36,0,excellent
1599291,9,0,good
1600711,56,0,excellent
1601511,37,0,excellent
1602401,17,0,very poor
1603265,7.5,0,excellent
1605481,17,0,excellent
1606456,14,0,excellent
1608266,12,0,good
1610771,59,0,good
1611503,9,0,good
1612235,7.5,0,excellent
1613271,11,0,excellent
1615431,1.45,0,excellent
1617575,1.5,0,excellent
1619401,17,0,excellent
1620371,13,0,very poor
1621812,61,1,
1622621,46,0,good
1623351,19,0,good
1624601,37,0,excellent
1625871,66,0,fair
1626891,68,0,excellent
1627291,11,0,excellent
1628461,27,0,excellent
1629821,56,0,excellent
1630551,21,0,good
1631443,2.5,0,fair
1632802,69,0,good
1634672,53,0,fair
1635436,9,0,good
1637395,7,0,excellent
1638721,21,0,excellent
1639691,53,0,fair
1641281,12,0,excellent
1642351,15,0,excellent
1643761,60,0,good
1644245,13,0,excellent
1645323,7.5,0,excellent
1647511,28,0,excellent
1648276,9,0,excellent
1650205,7.5,0,fair
1652451,20,0,excellent
1653653,5,0,fair
1654671,32,0,excellent
1655555,3.5,0,good
1657335,2.15,0,good
1661682,7.5,0,excellent
1664275,6.5,0,excellent
1665713,17,0,excellent
1667291,16,0,excellent
1668241,12,0,good
1669566,29,0,excellent
1671291,14,0,excellent
1672325,21,0,excellent
1673321,5,0,poor
1674621,,0,excellent
1675641,33,0,fair
1676566,19,0,excellent
1677766,37,0,excellent
1678601,48,0,excellent
1681661,35,0,good
1683821,49,0,good
1685385,10,0,good
1686502,26,1,good
1687301,14,0,good
1688541,29,0,excellent
1689375,1.5,0,fair
1691641,25,0,excellent
1692566,12,0,fair
1693481,33,0,excellent
1697445,1.5,0,good
1698641,51,0,excellent
1699641,54,0,excellent
1700416,7.5,0,good
1703712,6.5,0,excellent
1704403,0.15,0,good
1705261,12,0,excellent
1706351,22,0,excellent
1707621,45,0,excellent
1708231,10,0,excellent
1709246,9,0,excellent
1711502,12,0,fair
1714741,59,0,excellent
1715481,38,0,good
1718291,11,0,excellent
1719406,9,0,excellent
1720621,48,0,excellent
1721381,15,0,good
1726685,50,0,excellent
1728311,20,0,excellent
1730361,25,0,good
1735441,19,0,good
1736721,21,0,excellent
1738463,0.05,0,excellent
1739511,31,0,excellent
1740291,11,0,excellent
1742351,21,0,good
1743521,31,0,good
1745446,19,0,fair
1747381,24,0,excellent
1748271,15,0,good
1749592,10,0,excellent
1750331,11,0,good
1751291,13,0,excellent
1752521,11,0,excellent
1753471,27,0,poor
1755306,13,0,excellent
1756633,40,1,excellent
1757781,31,0,excellent
1759791,60,0,excellent
1760353,2.15,0,excellent
1762615,11,0,good
1763881,69,1,excellent
1764471,13,0,excellent
1765521,33,0,excellent
1767591,44,0,excellent
1768436,13,1,excellent
1771195,7.5,0,excellent
1772413,9,0,excellent
1774541,40,0,excellent
1777513,11,0,good
1778236,10,0,good
1779551,19,0,excellent
1781261,9,0,fair
1784331,11,0,excellent
1785761,55,0,excellent
1786301,14,0,good
1787296,9,0,excellent
1788316,14,0,good
1790623,17,0,fair
1792311,18,0,good
1793381,25,0,excellent
1794351,22,0,excellent
1795381,20,0,excellent
1796621,,0,excellent
1797541,42,0,good
1798281,11,0,excellent
1799441,22,0,excellent
1800341,11,0,excellent
1802445,0.75,0,excellent
1803416,18,1,excellent
1804235,7.5,0,excellent
1805341,16,0,excellent
1807331,9,0,good
1808475,7,0,good
1809246,11,0,fair
1810601,43,1,good
1812681,54,0,excellent
1813483,18,0,good
1814401,16,0,excellent
1815601,48,0,good
1817446,24,0,good
1818371,21,0,excellent
1819566,11,0,excellent
1820763,41,0,good
1821371,21,0,excellent
1823706,11,0,excellent
1825361,14,0,poor
1828271,9,0,good
1830561,16,0,excellent
1831446,24,0,good
1833581,17,0,excellent
1834215,4.5,0,excellent
1835645,20,0,excellent
1836683,55,0,good
1837415,6,0,good
1839335,6.5,0,excellent
1840205,5.45,0,good
1841311,17,0,excellent
1842506,10,0,excellent
1843471,13,0,excellent
1845451,34,0,excellent
1846441,19,0,excellent
1848513,11,0,good
1850456,9,0,excellent
1852461,20,0,excellent
1853843,47,0,fair
1854541,21,0,good
1855236,10,0,good
1857346,10,0,excellent
1859701,58,0,excellent
1860271,13,0,excellent
1861603,25,0,excellent
1862281,10,0,excellent
1863321,10,0,excellent
1864311,14,0,excellent
1865296,2.15,0,good
1866571,32,0,good
1867521,31,0,excellent
1868455,20,0,fair
1869273,5.45,0,excellent
1870406,19,0,good
1871556,11,0,excellent
1875531,35,0,excellent
1879215,9,0,excellent
1882315,0.05,0,good
1883321,19,0,fair
1885371,21,0,good
1886461,13,0,fair
1888561,40,0,good
1890241,12,0,good
1891561,32,0,good
1892215,1.75,0,good
1894396,7.5,0,excellent
1897225,1.5,0,excellent
1898671,54,0,excellent
1900391,14,0,excellent
1901531,26,0,excellent
1902385,21,0,excellent
1904661,39,0,excellent
1905431,16,0,excellent
1906461,32,0,good
1907225,3.75,0,good
1908381,18,0,excellent
1910205,4.5,0,good
1912446,21,0,excellent
1914291,15,0,excellent
1915281,16,0,excellent
1918441,14,0,excellent
1919431,18,0,fair
1922632,37,1,excellent
1924581,2.5,0,fair
1925511,38,0,excellent
1926366,17,0,good
1928351,21,0,good
1929641,52,0,excellent
1930531,37,0,excellent
1932416,21,0,excellent
1933576,15,0,good
1935281,16,0,good
1936281,13,0,good
1942291,12,0,excellent
1944641,52,0,good
1947301,15,0,excellent
1950461,22,0,excellent
1952535,8,0,good
1953441,13,0,excellent
1954621,16,0,excellent
1958331,20,0,excellent
1959311,17,0,good
1960361,24,0,poor
1963361,20,0,excellent
1964531,38,0,excellent
1965401,16,0,good
1966581,27,0,excellent
1967711,58,0,good
1969416,13,0,excellent
1970216,5,0,fair
1972476,24,0,fair
1974466,11,0,excellent
1975205,4,0,excellent
1977621,39,0,excellent
1978511,34,0,good
1982391,24,0,excellent
1984436,8,0,good
1985391,12,0,excellent
1986571,45,0,excellent
1989521,39,0,excellent
1990566,21,0,excellent
1992601,43,1,excellent
1993565,40,0,good
1995622,25,0,
1998801,60,0,excellent
1999591,45,0,good
2000641,25,0,excellent
2002381,26,0,excellent
2003516,40,0,excellent
2009245,9,0,excellent
2013526,25,0,excellent
2015255,0.75,0,fair
2016761,60,0,excellent
2017286,5.75,0,excellent
2018495,0.15,0,good
2020261,12,0,good
2023291,14,0,good
2025423,0.05,0,excellent
2026446,18,0,excellent
2027521,27,0,excellent
2028576,20,0,excellent
2029496,21,0,excellent
2030381,21,0,fair
2031541,36,0,good
2032535,8,0,good
2033463,5.75,0,excellent
2034526,6,0,good
2036461,25,0,excellent
2037441,26,0,excellent
2038275,7.5,0,excellent
2039531,16,0,excellent
2040821,59,0,good
2041791,62,0,excellent
2045781,59,0,excellent
2047493,0.45,0,good
2049245,2.5,0,excellent
2052541,38,0,good
2053443,0.15,0,excellent
2055481,29,0,excellent
2059581,47,0,excellent
2062511,21,0,excellent
2063205,6,0,excellent
2064651,54,0,excellent
2065431,25,0,excellent
2066551,14,0,excellent
2067411,26,0,excellent
2068206,11,0,excellent
2069261,12,0,good
2070361,16,0,excellent
2071506,12,0,excellent
2072195,0.75,0,excellent
2073466,30,0,fair
2075404,6.5,0,excellent
2076271,10,0,excellent
2077215,4.5,0,poor
2078631,51,0,good
2079721,56,0,good
2080896,63,0,excellent
2083271,13,0,excellent
2084411,,0,
2086556,35,0,excellent
2088471,18,0,excellent
2089361,22,0,excellent
2091581,31,0,excellent
2092496,17,0,excellent
2093501,37,0,excellent
2095281,12,0,fair
2096536,20,0,excellent
2097411,19,0,excellent
2098515,21,0,good
2099831,61,0,excellent
2100743,45,0,good
2101416,9,0,excellent
2103296,19,0,good
2105421,20,0,excellent
2107491,26,0,excellent
2108781,65,0,excellent
2109285,0.75,0,good
2110451,14,0,fair
2111623,17,0,fair
2112291,12,0,excellent
2114411,20,0,excellent
2117621,44,0,excellent
2118245,4,0,fair
2119791,55,0,good
2120526,20,0,good
2121436,10,0,excellent
2124215,2.5,0,fair
2125215,1.5,0,fair
2127441,27,0,excellent
2128441,14,0,excellent
2130225,6.5,0,excellent
2131426,19,0,excellent
2134466,15,0,good
2137436,8,0,fair
2140561,35,0,good
2142591,46,0,excellent
2143405,7.5,0,good
2144501,32,0,good
2145295,5,0,good
2146361,21,0,good
2147491,14,0,excellent
2149736,36,0,excellent
2150511,38,0,excellent
2151631,47,0,good
2153601,43,0,excellent
2154365,13,0,fair
2155561,44,0,excellent
2156394,29,0,fair
2159315,4,0,good
2160635,28,0,fair
2161732,60,0,fair
2162822,61,1,excellent
2163291,20,0,excellent
2164622,42,1,good
2165591,36,0,excellent
2167261,14,0,good
2168301,17,0,excellent
2169386,15,0,excellent
2170641,51,0,good
2171371,11,0,excellent
2172526,35,0,good
2173235,11,0,excellent
2175365,10,0,fair
2176301,16,0,excellent
2177596,15,0,excellent
2178396,16,0,good
2179636,18,0,excellent
2180411,18,0,excellent
2181421,29,0,good
2183361,11,0,excellent
2184591,35,0,good
2187416,21,0,excellent
2188581,32,0,excellent
2190381,11,0,excellent
2192852,11,0,excellent
2193195,5.75,0,excellent
2194621,39,0,excellent
2195781,63,0,excellent
2196501,34,0,good
2197361,28,0,good
2198686,28,0,good
2199575,5.75,0,fair
2200651,51,0,excellent
2201486,24,0,excellent
2203446,12,0,good
2204281,16,0,excellent
2205832,59,0,excellent
2206256,9,0,good
2207591,43,0,excellent
2208621,41,0,good
2209421,20,0,excellent
2211311,10,0,excellent
2212616,2.5,0,good
2218261,11,0,excellent
2219255,0.45,0,
2220321,19,0,good
2221291,13,0,excellent
2222425,6.5,0,excellent
2223581,47,0,good
2224215,9,0,excellent
2226231,12,0,excellent
2227296,0.75,0,good
2228436,16,0,good
2229421,27,0,good
2230711,56,0,good
2232496,27,0,excellent
2235561,40,1,excellent
2237225,9,0,excellent
2238361,16,0,excellent
2242616,14,0,excellent
2246691,52,0,excellent
2247501,22,0,fair
2249411,23,0,excellent
2250596,8,0,good
2252496,13,0,excellent
2256431,29,0,good
2260661,37,0,excellent
2266405,4,0,poor
2268411,15,0,good
2270851,71,0,excellent
2272671,53,0,excellent
2273691,44,0,poor
2274225,3.5,0,excellent
2276244,0.75,0,excellent
2277506,19,0,very poor
2278553,18,0,fair
2280655,,0,good
2281616,35,0,good
2282431,15,0,good
2285351,15,0,good
2286421,20,0,good
2287554,12,0,fair
2288511,28,0,excellent
2289671,47,0,good
2290306,13,0,excellent
2292275,9,0,excellent
2294411,18,0,good
2296531,43,0,excellent
2297221,9,0,excellent
2298381,14,0,poor
2299651,42,0,good
2300541,32,0,excellent
2302541,34,0,good
2303465,17,0,good
2304511,25,0,good
2305481,16,0,fair
2306401,,0,excellent
2307264,5,0,excellent
2309591,45,0,excellent
2310431,31,0,excellent
2311205,2.5,0,good
2312496,13,0,excellent
2314732,13,0,excellent
2317486,28,0,good
2318566,25,0,excellent
2321421,29,0,excellent
2322215,6.5,0,excellent
2323671,45,0,excellent
2327642,47,1,fair
2328561,39,0,excellent
2330376,4,0,excellent
2333551,22,0,excellent
2334456,19,0,excellent
2335586,21,0,excellent
2337554,37,0,poor
2338195,4.5,0,excellent
2339381,11,0,excellent
2342326,17,0,excellent
2343271,12,0,excellent
2344281,9,0,excellent
2347261,16,0,excellent
2349521,38,0,excellent
2350195,5.45,0,excellent
2352296,16,0,good
2353373,5,0,excellent
2354381,18,0,excellent
2355521,18,0,excellent
2356606,19,0,excellent
2358331,15,0,good
2361411,12,0,excellent
2363391,15,0,good
2364441,9,0,excellent
2365386,14,0,excellent
2366361,14,0,excellent
2367561,43,0,good
2368446,12,0,good
2370396,21,0,good
2371312,1.5,0,good
2372802,38,0,excellent
2373376,9,0,good
2374284,3.5,0,good
2376421,29,0,excellent
2377541,26,0,excellent
2379611,19,0,excellent
2380466,12,0,good
2381381,21,0,good
2382301,16,0,good
2388281,10,0,good
2389501,13,0,excellent
2390491,25,0,good
2393341,13,0,good
2394813,,0,fair
2395381,15,0,fair
2397281,15,0,excellent
2398492,8,0,good
2401544,25,0,very poor
2402351,19,0,fair
2403491,19,0,excellent
2405331,14,0,excellent
2406541,28,0,excellent
2408506,37,0,good
2409671,52,0,excellent
2412491,28,0,excellent
2413411,20,0,good
2414511,18,0,fair
2416571,42,0,excellent
2422533,0.05,0,good
2423613,5,0,excellent
2425596,16,0,fair
2427431,19,0,excellent
2428344,7,0,fair
2429371,21,0,excellent
2430446,17,0,excellent
2431491,29,0,good
2433651,30,0,good
2434421,11,0,excellent
2435561,38,0,excellent
2437651,50,0,excellent
2438411,9,0,excellent
2439205,2.15,0,good
2440651,33,0,excellent
2442581,49,0,excellent
2449225,6,0,excellent
2451281,15,0,excellent
2453455,6.5,0,excellent
2457561,35,0,good
2460536,6.5,0,excellent
2461521,31,0,excellent
2462533,5.75,0,excellent
2463495,8,0,fair
2464481,13,0,excellent
2465606,15,0,good
2466445,25,0,excellent
2468481,27,0,excellent
2470335,6.5,0,excellent
2471586,,0,excellent
2472495,5.75,0,good
2473591,15,0,excellent
2478401,24,0,excellent
2479313,10,0,good
2480586,26,0,excellent
2482586,21,0,fair
2483563,23,0,excellent
2485465,6.5,0,good
2486245,6.5,0,excellent
2487583,13,0,excellent
2488453,18,0,excellent
2489561,26,0,good
2490501,32,0,excellent
2491261,15,0,good
2492401,19,0,excellent
2494291,10,0,excellent
2496271,13,0,good
2497286,5,0,fair
2499671,59,0,excellent
2500281,9,0,excellent
2501285,9,0,excellent
2502671,54,0,excellent
2503411,26,0,good
2504476,18,0,good
2505436,26,0,excellent
2506506,22,0,good
2507563,41,0,excellent
2508414,0.15,0,good
2510361,21,0,good
2512476,9,0,good
2514683,24,0,excellent
2515245,1.5,0,poor
2516782,62,0,excellent
2517611,44,0,excellent
2518321,15,0,excellent
2519493,13,0,good
2520291,14,0,fair
2524351,19,0,fair
2526551,35,0,excellent
2527611,14,0,excellent
2528285,0.45,0,good
2529781,47,0,good
2530373,5.05,0,good
2532553,17,0,fair
2533411,28,0,excellent
2534481,35,0,good
2536634,24,0,poor
2538381,8,0,good
2539331,14,0,fair
2541912,25,0,excellent
2542495,21,0,good
2543495,2.5,0,good
2544491,33,0,excellent
2547395,2.5,0,fair
2548661,47,0,excellent
2549605,1.15,0,excellent
2550291,15,0,excellent
2554441,26,0,good
2555255,9,0,excellent
2557351,18,0,good
2558261,12,0,excellent
2559361,22,0,excellent
2561493,5.75,0,excellent
2562645,13,0,excellent
2564501,19,0,excellent
2565561,37,0,excellent
2566692,7.5,0,excellent
2567461,25,0,good
2568441,10,0,excellent
2569551,40,0,excellent
2570381,25,0,excellent
2577576,12,0,excellent
2581443,1.75,0,good
2582441,19,0,good
2583291,10,0,good
2585571,39,0,excellent
2588496,15,0,good
2589535,6.5,0,excellent
2591556,10,1,excellent
2594431,14,0,good
2595533,15,0,excellent
2596391,22,0,excellent
2597631,9,0,excellent
2598385,0.15,0,good
2600415,2.5,0,excellent
2602436,16,0,good
2603411,23,0,excellent
2605456,14,0,excellent
2606331,17,0,excellent
2607495,14,0,good
2608691,56,0,excellent
2609225,7.5,0,excellent
2611571,33,0,excellent
2613456,20,0,excellent
2614361,10,0,excellent
2615546,10,0,good
2616381,19,0,excellent
2617245,7.5,0,excellent
2618441,18,0,excellent
2619511,31,0,excellent
2620791,67,0,excellent
2621593,37,0,good
2622321,17,0,good
2624575,2.5,0,fair
2625586,15,0,excellent
2629351,23,0,excellent
2630582,44,0,good
2631603,9,0,good
2632351,15,0,fair
2633215,1.15,0,excellent
2634401,25,0,excellent
2635305,5.45,0,fair
2637661,56,0,excellent
2638581,26,0,poor
2640441,20,0,excellent
2641401,15,0,good
2642411,27,0,good
2643741,61,0,excellent
2645415,1.5,0,good
2648596,37,0,excellent
2649375,23,0,excellent
2650431,10,0,excellent
2651661,28,0,good
2652493,5.75,0,good
2654745,22,0,excellent
2655275,5.75,0,good
2656616,24,0,excellent
2657451,24,0,excellent
2660401,19,0,good
2662482,13,1,excellent
2664241,12,0,excellent
2666271,6.5,0,excellent
2667431,28,0,excellent
2668501,20,0,excellent
2670301,14,0,good
2672556,15,0,excellent
2673591,30,0,good
2677431,32,0,good
2678485,10,0,good
2679701,32,0,excellent
2681396,24,0,excellent
2682456,20,0,excellent
2683531,18,0,good
2684336,5.15,0,good
2686633,28,0,good
2687386,4,0,good
2688461,25,0,excellent
2690361,18,0,excellent
2692511,35,0,excellent
2695451,34,0,good
2697631,41,0,excellent
2698556,24,0,good
2700391,19,0,excellent
2702381,9,0,excellent
2703281,16,0,excellent
2704721,40,0,poor
2705406,16,0,good
2707494,9,0,good
2710455,13,0,excellent
2711361,12,0,fair
2712505,35,0,excellent
2713461,25,0,excellent
2714781,58,1,excellent
2716696,20,0,good
2717481,15,1,fair
2719291,14,0,good
2722205,2.75,0,excellent
2723611,46,0,excellent
2724356,14,0,good
2725295,6.5,0,excellent
2726401,16,0,good
2729365,15,0,good
2730501,32,0,excellent
2732375,2.5,0,fair
2733643,27,0,excellent
2735421,19,0,good
2736284,15,0,fair
2737331,15,0,excellent
2739513,5,0,good
2740543,31,0,good
2741471,36,0,good
2744281,16,0,excellent
2745305,9,0,fair
2746506,5,0,good
2747491,38,0,good
2749481,11,0,excellent
2751461,31,0,excellent
2753551,39,0,excellent
2754692,47,0,fair
2756231,11,0,fair
2757531,38,0,good
2758456,11,0,excellent
2759424,7.5,0,excellent
2762355,18,0,excellent
2763486,21,0,excellent
2764561,28,0,excellent
2765291,20,0,excellent
2766495,19,0,excellent
2768761,58,0,excellent
2769621,43,0,excellent
2771331,10,0,excellent
2773391,12,0,good
2775495,27,0,excellent
2776351,21,0,excellent
2777215,6.5,0,excellent
2778431,27,0,excellent
2780461,33,0,good
2781773,17,0,good
2783571,43,0,excellent
2784335,13,0,good
2785271,11,0,excellent
2786666,28,0,excellent
2788351,13,0,excellent
2789491,5.15,0,good
2791391,7,0,good
2792381,19,0,excellent
2793416,7.5,0,excellent
2794335,5.15,0,fair
2795343,2.5,0,fair
2796782,55,1,excellent
2797496,34,0,excellent
2798711,59,0,good
2799525,18,0,good
2800266,14,0,excellent
2802655,46,0,excellent
2803531,40,0,good
2806576,7.5,0,good
2808495,25,0,excellent
2809516,9,0,excellent
2810195,5.15,0,excellent
2811741,49,0,excellent
2812441,33,0,excellent
2813321,12,0,good
2814495,7.5,0,good
2817571,28,0,good
2818471,28,0,good
2819881,63,0,excellent
2820571,41,0,excellent
2822526,22,0,excellent
2824553,22,0,excellent
2825881,4.75,0,excellent
2826321,23,0,good
2828511,23,0,excellent
2832291,16,0,excellent
2833505,9,0,good
2834301,18,0,good
2836511,38,0,excellent
2839411,29,0,excellent
2840371,25,0,good
2841235,7,0,excellent
2842781,57,0,excellent
2843431,26,0,excellent
2844291,7,0,good
2845381,9,0,excellent
2846315,7.5,0,good
2847371,20,0,excellent
2848761,59,0,excellent
2850731,26,0,excellent
2852225,6.5,0,good
2853301,14,0,excellent
2854401,9,0,good
2855671,54,0,excellent
2857341,2.45,0,good
2859286,11,0,excellent
2861215,5.75,0,good
2863466,16,0,fair
2866471,28,0,good
2868606,29,0,excellent
2869721,25,0,excellent
2871516,9,0,excellent
2872503,20,0,excellent
2874421,20,0,excellent
2876526,13,0,fair
2877411,23,0,fair
2878781,29,0,excellent
2880391,18,0,excellent
2881561,47,0,good
2883461,17,0,good
2884681,51,0,good
2885256,14,0,good
2887261,14,0,good
2890236,5.5,0,good
2891361,1.75,0,excellent
2892291,,0,excellent
2893255,5.15,0,excellent
2895566,41,0,excellent
2897401,15,0,excellent
2898641,40,0,excellent
2901465,0.05,0,excellent
2902291,11,0,excellent
2903453,15,0,excellent
2904546,17,0,excellent
2905436,15,0,fair
2906325,7.5,0,good
2907761,54,1,excellent
2908413,5.15,0,excellent
2910801,65,0,excellent
2913266,13,0,excellent
2915356,3.5,0,good
2917751,58,0,good
2918525,10,0,excellent
2919505,27,0,good
2920513,11,0,excellent
2923486,24,0,excellent
2924471,29,0,excellent
2925235,10,0,excellent
2926403,1.5,0,excellent
2928503,1.5,0,fair
2929295,18,0,excellent
2931391,18,0,excellent
2932541,33,0,good
2934316,16,0,good
2935476,12,0,excellent
2936265,6.5,0,excellent
2937511,36,0,excellent
2939601,45,0,poor
2940495,1.45,0,good
2941421,28,0,very poor
2942506,26,0,good
2943451,29,0,good
2944772,66,0,excellent
2945701,27,0,excellent
2947543,18,0,excellent
2948394,22,0,poor
2949755,19,0,excellent
2950445,6.5,0,fair
2958495,12,0,fair
2959235,2.5,0,good
2961446,14,0,excellent
2962421,7.5,0,good
2963351,19,0,excellent
2964195,7,0,good
2965291,16,0,excellent
2967381,14,0,excellent
2968566,34,0,excellent
2969211,10,0,good
2970391,22,0,excellent
2971315,0.75,0,good
2972195,6.5,0,excellent
2973265,14,0,fair
2974271,17,0,excellent
2975453,3.5,0,excellent
2976481,33,0,good
2977341,13,0,good
2978391,21,0,excellent
2979633,0.75,0,excellent
2980466,17,0,excellent
2982581,24,0,excellent
2983365,0.75,0,fair
2984311,14,0,good
2985453,18,0,fair
2986301,6,0,very poor
2987583,46,0,good
2988441,15,0,fair
2989771,59,0,excellent
2990611,39,0,good
2991315,4,0,fair
2992381,19,0,good
2995451,34,0,excellent
2997563,6,0,good
3000751,60,0,excellent
3004285,0.45,0,fair
3005451,11,0,excellent
3006481,30,0,good
3007443,5,0,good
3008511,28,0,excellent
3009346,11,0,excellent
3010291,17,0,excellent
3012503,5.75,0,excellent
3013891,69,0,excellent
3014445,5.15,0,good
3015621,47,0,excellent
3016311,18,0,good
3021321,20,0,excellent
3022245,6.5,0,fair
3023281,11,0,good
3024391,21,0,good
3025406,4.5,0,good
3026461,35,0,good
3027506,13,0,excellent
3028411,27,0,good
3029471,23,0,good
3030281,9,0,excellent
3031421,17,0,excellent
3035195,0.45,0,good
3037375,6.5,0,excellent
3038731,39,0,excellent
3039731,23,0,excellent
3041271,16,0,excellent
3042661,39,0,excellent
3043445,2.45,0,good
3044225,2.5,0,fair
3046291,17,0,good
3047205,3.5,0,excellent
3048341,22,0,excellent
3049611,45,0,good
3050761,56,0,excellent
3052421,22,0,excellent
3055331,18,0,excellent
3056401,27,0,excellent
3057321,14,0,excellent
3060291,16,0,excellent
3062505,0.75,0,fair
3063561,26,1,good
3064321,15,0,excellent
3066491,7.5,0,excellent
3068681,56,0,good
3069521,32,0,excellent
3070361,13,0,excellent
3071566,38,0,excellent
3072336,9,0,good
3073301,11,0,excellent
3076341,17,0,excellent
3077584,39,0,poor
3078205,5.75,0,fair
3079225,4.5,0,excellent
3081821,57,0,good
3083461,15,0,excellent
3084662,45,1,good
3085491,10,0,excellent
3089355,6.5,0,excellent
3090271,9,0,excellent
3091591,38,1,excellent
3092431,25,0,excellent
3095381,19,0,excellent
3097321,14,0,excellent
3098574,42,0,good
3099405,2.5,0,fair
3100236,4,0,excellent
3101251,12,0,excellent
3102591,45,0,fair
3105381,20,0,good
3107281,16,0,excellent
3111281,12,0,excellent
3112501,24,0,fair
3113531,18,0,good
3115366,37,0,excellent
3116381,25,0,excellent
3117445,9,0,fair
3119215,5.5,0,fair
3121421,9,0,excellent
3124406,7,0,fair
3126421,21,0,good
3127401,24,0,excellent
3128383,7.5,0,fair
3129215,5.75,0,excellent
3130391,23,0,fair
3131481,27,0,good
3132476,27,0,excellent
3133366,5.45,0,excellent
3134461,31,0,good
3135555,41,0,good
3136526,31,0,good
3137621,51,0,good
3140275,9,0,good
3141525,17,0,fair
3142344,15,0,good
3144606,17,0,excellent
3145421,22,0,excellent
3146671,44,0,excellent
3148455,6.5,0,excellent
3149823,6.5,0,excellent
3150431,30,0,good
3151641,51,0,excellent
3152471,34,0,fair
3155321,18,0,excellent
3156215,6.5,0,excellent
3157321,16,0,excellent
3158551,39,0,excellent
3159331,20,0,excellent
3160406,11,0,good
3161361,10,0,good
3162441,13,0,excellent
3164325,11,0,fair
3167563,9,0,excellent
3168236,4,0,excellent
3169695,4,1,fair
3170471,22,0,excellent
3172341,14,0,good
3173761,49,1,excellent
3175641,52,0,good
3176561,45,0,excellent
3178671,37,0,excellent
3179681,55,0,good
3180591,18,0,excellent
3181623,31,0,excellent
3182513,5.45,0,excellent
3184401,22,0,fair
3186481,35,0,excellent
3187491,19,0,excellent
3188345,9,0,fair
3190285,7.5,0,good
3194231,10,0,excellent
3198566,7,0,good
3200215,5.45,0,fair
3201581,31,0,excellent
3202821,66,0,excellent
3206366,9,0,excellent
3207281,9,0,excellent
3208691,53,0,excellent
3209205,6.5,0,good
3210466,14,0,good
3211225,5,0,excellent
3212361,11,0,fair
3213692,59,0,excellent
3215271,13,0,good
3217235,5.05,0,good
3223501,38,0,good
3224241,11,0,good
3225411,28,0,excellent
3226271,10,0,excellent
3227752,7.5,0,good
3229381,27,0,excellent
3230225,0.05,0,excellent
3231331,20,0,excellent
3234391,27,0,excellent
3235281,13,0,excellent
3237261,10,0,excellent
3238445,9,0,excellent
3239721,58,0,good
3241291,16,0,excellent
3242205,7.5,0,good
3244431,29,0,fair
3245543,12,0,excellent
3246381,21,0,excellent
3250561,38,0,excellent
3251692,0.75,0,fair
3253415,5,0,excellent
3255515,11,0,good
3259601,18,0,excellent
3261401,27,0,good
3262471,21,0,good
3263446,32,0,excellent
3266586,,0,
3267411,26,0,excellent
3268461,32,0,good
3269401,20,0,good
3271461,30,0,excellent
3272545,6.5,0,good
3273445,5.15,0,excellent
3275291,16,0,excellent
3276561,45,0,good
3277771,36,0,excellent
3280562,0.45,0,good
3281506,25,0,excellent
3284593,38,0,excellent
3285411,20,0,poor
3286396,14,0,excellent
3287256,7,0,good
3289441,21,0,excellent
3291591,17,0,excellent
3292772,16,0,excellent
3293496,11,0,excellent
3298555,14,0,fair
3300751,46,0,excellent
3301411,22,0,excellent
3303271,14,0,good
3304235,1.5,0,good
3306371,24,0,excellent
3307375,15,0,excellent
3308311,14,0,excellent
3309481,35,0,excellent
3310241,11,0,excellent
3312261,10,0,excellent
3314235,9,0,good
3315411,29,0,good
3317401,29,0,excellent
3319473,21,0,fair
3321401,27,0,good
3322441,30,0,excellent
3324701,35,0,good
3327431,18,0,good
3328441,30,0,good
3329285,9,0,good
3330732,60,0,excellent
3332271,14,0,excellent
3333215,0.05,0,fair
3335321,12,0,excellent
3336706,37,0,good
3338241,12,0,excellent
3339456,26,0,excellent
3343651,53,0,excellent
3344521,39,0,good
3345295,13,0,excellent
3348643,17,0,excellent
3349375,6.5,0,good
3351401,16,0,fair
3354341,16,0,excellent
3355301,13,0,excellent
3356271,12,0,good
3357661,46,0,excellent
3358441,12,0,excellent
3359801,60,0,good
3361453,15,0,excellent
3362591,24,0,excellent
3363561,30,0,excellent
3364501,25,0,good
3365741,63,0,good
3366306,11,0,excellent
3367605,29,0,good
3369591,43,0,good
3373441,15,0,good
3374456,17,0,excellent
3378341,12,0,excellent
3380321,18,0,good
3381802,65,0,excellent
3382804,30,0,good
3383301,16,0,excellent
3384581,21,0,excellent
3385711,16,0,excellent
3387391,22,0,excellent
3389606,43,0,good
3390511,28,0,good
3391295,0.15,0,excellent
3392501,39,0,excellent
3395401,9,0,good
3396426,17,0,good
3397265,6.5,0,good
3399561,24,0,excellent
3401521,31,0,excellent
3404321,19,0,good
3406281,13,0,excellent
3407281,17,0,excellent
3408205,2.5,0,fair
3409311,7.5,0,good
3410265,4,0,excellent
3411281,9,0,good
3413541,14,0,good
3414471,22,0,fair
3415791,45,0,excellent
3416225,9,0,good
3418301,13,0,good
3419225,2.5,0,good
3420501,29,0,good
3424583,8,1,fair
3425351,13,0,excellent
3427495,5.05,0,good
3429421,27,0,excellent
3431211,9,0,excellent
3432215,6.5,0,excellent
3434741,62,0,good
3435511,24,0,good
3436321,14,0,excellent
3439471,27,0,excellent
3443611,49,0,excellent
3444456,9,0,excellent
3445416,22,0,excellent
3446513,14,0,fair
3450311,22,0,excellent
3453341,15,0,good
3454546,14,0,fair
3458581,20,0,good
3460195,3.75,0,fair
3461275,11,0,good
3462371,14,0,good
3464376,11,0,good
3468741,61,0,excellent
3469346,5,0,good
3472321,16,0,excellent
3475471,34,0,excellent
3476445,1.5,0,good
3477401,26,0,good
3478535,6.5,0,excellent
3479321,14,0,excellent
3480226,5,0,excellent
3483611,49,0,excellent
3484361,11,0,excellent
3485543,16,0,good
3486341,23,0,excellent
3487661,50,0,excellent
3488485,25,0,excellent
3490381,20,0,excellent
3491361,25,0,good
3492545,28,0,excellent
3494271,12,0,excellent
3496531,20,0,excellent
3497476,23,0,good
3498401,13,0,excellent
3500381,20,0,excellent
3501661,54,0,good
3505551,31,0,excellent
3506651,45,0,excellent
3508351,12,0,excellent
3509291,15,0,excellent
3511271,10,0,excellent
3512195,5.75,0,excellent
3513671,55,0,excellent
3515561,34,0,excellent
3516641,49,0,excellent
3517255,5,0,fair
3518553,30,0,good
3520375,1.5,0,good
3521541,30,0,excellent
3524281,15,0,good
3526335,0.15,0,excellent
3528551,31,0,excellent
3530391,24,0,good
3532465,6.5,0,good
3535676,16,0,excellent
3536365,0.15,0,fair
3537861,28,0,excellent
3540311,20,0,excellent
3541521,37,0,excellent
3543225,9,0,excellent
3547415,0.75,0,excellent
3548505,25,0,good
3549425,0.15,0,good
3550861,37,0,excellent
3551483,12,0,excellent
3552321,17,0,excellent
3553445,6.5,0,good
3554671,52,0,excellent
3555205,0.05,0,excellent
3557522,,0,excellent
3558553,19,0,excellent
3559361,12,0,excellent
3561443,5.5,0,fair
3563881,42,0,excellent
3564591,39,0,excellent
3565245,11,0,excellent
3566493,6,0,excellent
3568193,5.45,0,excellent
3569311,19,0,excellent
3571246,8,0,fair
3576651,54,0,good
3577445,33,0,good
3579571,21,0,good
3582506,31,0,excellent
3583571,45,0,excellent
3584485,5,0,excellent
3586365,0.75,0,good
3588486,23,0,good
3591375,7.5,0,good
3592266,10,0,fair
3593355,20,0,excellent
3594441,32,0,fair
3596326,7.5,0,good
3598491,37,0,excellent
3599411,29,0,good
3600205,9,0,excellent
3601366,20,0,excellent
3602451,28,0,excellent
3603451,,0,excellent
3604311,18,0,excellent
3605511,28,0,excellent
3606295,11,0,good
3607516,16,0,excellent
3609351,17,0,excellent
3610311,17,0,excellent
3611361,9,0,excellent
3613386,13,0,good
3615423,5.45,0,excellent
3616701,59,0,excellent
3617411,24,0,excellent
3618561,42,0,excellent
3619411,16,0,good
3622666,13,0,good
3623351,16,0,excellent
3625311,21,0,excellent
3626301,19,0,excellent
3628296,14,0,excellent
3630791,63,0,good
3632653,48,0,good
3634581,24,0,good
3635255,2.5,0,good
3638371,1.75,0,poor
3639315,9,0,excellent
3643584,40,0,excellent
3644396,11,0,good
3645255,5.75,0,excellent
3646495,12,0,good
3647521,29,0,excellent
3649511,29,0,fair
3650431,20,0,excellent
3651501,37,0,fair
3657561,24,0,poor
3658711,56,0,excellent
3659523,31,0,excellent
3660426,13,0,good
3661281,8,0,poor
3662912,13,0,excellent
3663613,15,0,excellent
3665205,2.5,0,excellent
3666235,0.15,0,excellent
3667552,38,0,good
3668296,9,0,excellent
3671501,37,0,good
3673441,15,0,excellent
3674446,14,0,good
3676534,1.5,0,fair
3678386,25,0,excellent
3679261,11,0,good
3681446,13,0,excellent
3682731,,0,excellent
3683281,9,0,good
3684471,27,0,excellent
3686291,18,0,good
3688703,10,0,good
3689341,17,0,excellent
3690466,18,0,good
3693711,48,0,excellent
3695346,6,0,fair
3700581,25,0,excellent
3701251,14,0,excellent
3702371,16,0,good
3703801,59,0,excellent
3705411,23,0,excellent
3706401,9,0,good
3707656,30,0,excellent
3710375,4,0,fair
3711551,26,0,good
3713335,5.45,0,poor
3715435,1.5,0,poor
3716301,22,0,excellent
3717601,36,0,excellent
3718681,19,0,poor
3719281,13,0,excellent
3720492,5.75,0,excellent
3723591,41,0,fair
3724331,10,0,excellent
3725655,6,0,good
3727751,47,0,good
3728652,45,0,excellent
3731315,5.45,0,excellent
3732301,13,0,good
3733373,0.05,0,fair
3734661,52,0,fair
3735326,23,0,fair
3736501,32,0,good
3737521,28,0,excellent
3741436,,0,good
3742576,13,0,good
3743291,9,0,excellent
3744371,18,0,excellent
3745286,15,0,good
3746371,27,0,good
3747351,20,0,excellent
3749361,16,0,excellent
3752802,5,0,excellent
3754601,47,0,excellent
3756501,,0,excellent
3757616,22,0,excellent
3760235,5.15,0,good
3761321,22,0,excellent
3763501,0.75,0,excellent
3765215,3.45,0,excellent
3766424,9,0,good
3767711,60,0,excellent
3768361,15,0,good
3769215,6.5,0,good
3770411,22,0,good
3772281,10,0,fair
3773233,11,0,excellent
3774591,47,0,good
3777631,32,0,excellent
3778515,6.5,0,good
3779621,50,0,good
3782331,15,0,excellent
3784205,6.5,0,good
3787205,5.05,0,excellent
3788441,11,0,good
3789451,30,0,excellent
3790321,15,0,excellent
3792576,14,0,excellent
3793561,29,0,excellent
3794566,10,0,excellent
3795831,66,0,excellent
3798621,39,0,excellent
3800361,4,0,excellent
3802391,29,0,excellent
3805265,7.5,0,good
3806531,36,0,good
3808501,32,0,excellent
3809225,10,0,good
3810446,25,0,excellent
3819381,12,0,excellent
3820451,14,0,good
3823391,7.5,0,good
3824526,33,0,excellent
3825551,29,0,excellent
3826525,5.15,0,fair
3827291,13,0,excellent
3828261,9,0,excellent
3829381,14,0,fair
3830753,34,0,good
3831396,9,0,excellent
3832225,1.45,0,good
3834301,14,0,excellent
3837235,7.5,0,excellent
3839381,25,0,excellent
3842574,,0,good
3843271,11,0,excellent
3844421,19,0,good
3845284,5.45,0,excellent
3847441,20,0,fair
3849483,19,0,good
3850206,2.5,0,excellent
3851371,17,0,good
3854246,11,0,excellent
3855341,21,0,good
3856361,22,0,excellent
3858635,18,0,good
3859842,59,1,fair
3862286,19,0,good
3864411,,0,excellent
3865431,30,0,good
3866491,31,0,excellent
3868471,19,0,fair
3869391,19,0,good
3870246,6,0,poor
3871551,38,0,excellent
3872275,12,0,fair
3873291,11,0,excellent
3874515,11,0,fair
3875581,48,0,excellent
3880631,44,0,excellent
3882461,15,0,good
3884371,28,0,good
3885693,5,0,good
3886611,26,1,excellent
3887361,19,0,good
3888595,21,0,excellent
3891381,18,0,excellent
3892443,13,0,excellent
3894295,10,0,excellent
3896594,1.75,0,excellent
3897456,11,0,excellent
3898286,15,0,excellent
3901781,61,0,good
3902395,12,0,excellent
3903571,30,0,excellent
3904375,9,0,good
3906365,0.75,0,good
3909431,21,0,excellent
3910661,51,0,excellent
3912563,10,0,good
3913541,35,0,excellent
3914561,34,0,good
3915415,2.5,0,good
3916511,24,0,excellent
3917481,24,0,excellent
3918383,9,0,good
3919306,10,0,excellent
3920521,32,0,poor
3921501,15,0,excellent
3923555,5.75,0,good
3924481,29,0,excellent
3925435,2.5,0,good
3926361,15,0,good
3927521,38,0,excellent
3928361,16,0,excellent
3929554,10,0,excellent
3930426,17,0,excellent
3932306,9,0,poor
3933552,9,0,excellent
3935335,2.5,0,good
3936511,16,0,excellent
3937436,10,0,good
3941351,22,0,excellent
3945453,13,0,good
3946295,0.45,0,good
3949583,11,0,excellent
3950465,17,0,excellent
3952431,26,0,poor
3953206,10,0,excellent
3954341,23,0,excellent
3957226,2.5,0,excellent
3958341,19,0,excellent
3959235,2.5,0,good
3960301,12,0,excellent
3962581,46,0,good
3965421,29,0,excellent
3968596,10,0,good
3971256,7,0,fair
3974261,10,0,good
3975505,3.5,0,fair
3976383,2.5,0,good
3977691,38,0,excellent
3979235,2.5,0,good
3980413,12,0,good
3981321,16,0,good
3982235,0.45,0,fair
3984371,12,0,good
3986455,20,0,excellent
3987371,19,0,good
3989245,9,0,good
3990426,15,0,excellent
3991391,18,0,fair
3993486,7,0,fair
3994301,15,0,excellent
3995436,20,0,excellent
3996271,6,0,fair
3997265,8,0,excellent
3998541,34,0,excellent
3999403,2.5,0,excellent
4000465,3.15,0,good
4001391,14,0,excellent
4005581,39,0,excellent
4006641,45,0,fair
4007271,9,0,excellent
4009326,7,0,good
4010416,14,0,excellent
4011225,9,0,excellent
4013336,17,0,fair
4014721,16,0,fair
4016605,42,0,good
4018584,36,0,fair
4020486,21,0,excellent
4021321,,0,good
4027356,24,0,excellent
4028461,16,0,good
4031246,2.5,0,excellent
4032561,22,0,good
4037586,21,0,fair
4040561,18,0,good
4041271,14,0,excellent
4042195,1.75,0,excellent
4043671,12,0,good
4044591,9,0,good
4045235,1.5,0,excellent
4047271,18,0,excellent
4048611,45,0,very poor
4050291,9,0,excellent
4051576,21,0,excellent
4052346,0.05,0,good
4054305,14,0,good
4055261,13,0,excellent
4056536,30,0,excellent
4057293,4.5,0,excellent
4059602,46,0,fair
4061201,12,0,good
4064361,25,0,fair
4065491,29,0,excellent
4066436,5,0,good
4067321,16,0,excellent
4069331,13,0,good
4071353,17,0,good
4072283,3.5,0,excellent
4073291,16,0,excellent
4074333,12,0,good
4076391,17,0,excellent
4077433,0.15,0,good
4078261,12,0,excellent
4080471,27,0,fair
4082563,5.45,0,good
4083471,26,0,excellent
4084391,29,0,excellent
4086476,20,0,good
4087611,42,0,good
4088495,20,0,good
4089221,9,0,excellent
4090741,61,0,good
4091205,5.75,0,excellent
4092313,0.15,0,good
4093341,14,0,excellent
4095225,10,0,excellent
4096646,34,0,excellent
4098234,9,0,excellent
4100616,39,0,good
4101551,40,0,fair
4103576,9,0,excellent
4104711,59,0,excellent
4106215,9,0,excellent
4107311,18,0,poor
4108271,12,0,excellent
4109271,14,0,excellent
4110451,17,0,fair
4111331,17,0,excellent
4114295,,0,good
4115421,25,0,excellent
4117371,10,0,excellent
4118275,11,0,fair
4119623,2.75,0,fair
4122321,13,0,fair
4124276,13,0,good
4126631,43,0,excellent
4128391,15,0,good
4130581,30,0,excellent
4131553,39,0,excellent
4133451,21,0,excellent
4134391,18,0,excellent
4135235,0.45,0,fair
4136311,13,0,fair
4137681,15,0,excellent
4138321,19,0,excellent
4139266,7.5,0,fair
4140291,15,0,good
4141421,30,0,excellent
4142622,5.45,0,excellent
4143305,4.5,0,good
4145331,16,0,excellent
4147263,3.5,0,good
4148521,35,0,good
4149281,12,0,good
4150351,20,0,excellent
4154401,0,0,excellent
4156566,31,0,excellent
4158544,11,0,excellent
4161446,16,0,excellent
4162836,38,0,excellent
4164546,38,0,excellent
4165616,15,0,excellent
4167361,18,0,excellent
4168555,37,0,fair
4169431,28,0,excellent
4170295,2.5,0,good
4171621,32,1,poor
4172215,6.5,0,excellent
4174761,61,0,excellent
4175506,31,0,fair
4176275,1.45,0,excellent
4177791,,0,excellent
4178551,33,0,good
4180501,16,0,excellent
4181551,28,0,good
4182701,43,0,excellent
4183235,6.5,0,excellent
4187491,13,0,excellent
4190391,21,0,poor
4191521,28,0,fair
4192621,46,0,excellent
4193661,52,0,excellent
4194511,9,0,good
4195661,56,0,
4197351,11,0,excellent
4198592,9,0,excellent
4199553,25,0,fair
4201445,6.5,0,excellent
4202381,25,0,excellent
4203591,41,0,excellent
4204465,27,0,good
4205251,11,0,
4210581,10,0,excellent
4212411,18,0,excellent
4215471,34,0,good
4216511,39,0,excellent
4218401,24,0,excellent
4219751,61,0,excellent
4220781,63,0,good
4221761,59,1,excellent
4222515,2.5,0,good
4224431,14,0,excellent
4226275,6.5,0,good
4227451,21,0,excellent
4228671,34,0,excellent
4229591,,1,excellent
4231311,13,0,excellent
4233321,16,0,excellent
4234601,25,0,excellent
4236251,7.5,0,excellent
4237501,6.5,0,excellent
4239461,14,0,excellent
4240551,22,0,fair
4241205,6,0,good
4242391,27,0,excellent
4244731,5.45,0,excellent
4245591,41,0,excellent
4247671,52,0,excellent
4249751,60,0,fair
4251691,,0,excellent
4252251,9,0,good
4253681,6.5,0,excellent
4254681,41,0,good
4255651,49,0,excellent
4256503,5,0,excellent
4258275,0.15,0,fair
4259731,58,0,good
4260742,18,0,excellent
4261311,12,0,good
4262255,5.45,0,excellent
4263381,16,0,fair
4265461,25,0,excellent
4266721,59,0,excellent
4267494,37,0,fair
4270851,71,0,excellent
4271215,2.5,0,good
4273411,21,0,good
4274443,1.45,0,excellent
4275581,39,0,good
4277553,6,0,fair
4278431,30,0,good
4280781,60,0,excellent
4281244,3.05,0,excellent
4284351,14,0,excellent
4285395,7,0,fair
4287561,35,0,good
4288421,29,0,good
4289621,44,0,excellent
4290441,16,0,excellent
4291361,22,0,good
4293435,18,0,fair
4295471,29,0,excellent
4297541,42,0,excellent
4299381,23,0,excellent
4300261,14,0,excellent
4302361,17,0,excellent
4305691,60,0,excellent
4306371,7.5,0,fair
4307423,14,0,excellent
4308551,36,0,good
4312325,6.5,0,excellent
4313491,25,0,excellent
4314411,11,0,excellent
4315281,9,0,excellent
4316396,19,0,good
4317556,12,1,good
4318573,9,0,excellent
4319416,7.5,0,excellent
4320771,64,0,good
4321381,14,0,good
4322543,11,0,good
4324731,29,0,excellent
4325255,6.5,0,good
4328571,14,0,excellent
4329541,36,0,good
4330621,34,0,fair
4331731,59,0,excellent
4332581,30,0,excellent
4333481,15,0,excellent
4334513,23,0,good
4335822,68,0,excellent
4340431,,0,excellent
4343316,3.5,0,fair
4344621,44,0,excellent
4346371,25,0,excellent
4349761,65,0,excellent
4350661,49,0,excellent
4353411,23,0,excellent
4354641,53,0,excellent
4355611,44,0,excellent
4356205,5.15,0,good
4358431,32,0,excellent
4359391,28,0,excellent
4360494,21,0,very poor
4361581,45,0,excellent
4362533,8,0,excellent
4364852,5,0,excellent
4365483,8,0,good
4366752,58,1,excellent
4367541,41,0,excellent
4368281,11,0,excellent
4370581,45,0,excellent
4371446,14,0,good
4372371,23,0,good
4377571,44,0,good
4378411,20,0,excellent
4379691,,0,excellent
4380441,29,0,excellent
4381301,17,0,excellent
4382215,2.5,0,excellent
4384351,13,0,excellent
4386461,30,0,good
4387521,30,0,excellent
4388561,38,0,excellent
4390521,9,0,good
4393942,71,0,excellent
4394621,52,0,excellent
4395551,24,0,excellent
4398711,57,0,good
4399291,15,0,excellent
4401631,26,0,fair
4402581,47,0,excellent
4403543,11,0,good
4405615,4.5,0,good
4406731,47,0,excellent
4408851,30,0,excellent
4409781,63,0,excellent
4411536,29,0,excellent
4412621,46,0,excellent
4413493,5.05,0,good
4414276,17,0,good
4415551,40,0,good
4418316,20,0,good
4420303,6.5,0,excellent
4423471,18,0,excellent
4425361,17,0,excellent
4426401,26,0,excellent
4427246,11,0,fair
4431503,9,0,excellent
4432576,20,0,poor
4433411,5.15,0,fair
4434531,23,0,fair
4435215,9,0,excellent
4436663,14,0,excellent
4438365,10,0,excellent
4441245,6.5,0,excellent
4442531,32,0,excellent
4443431,31,0,excellent
4444421,0.45,0,good
4445475,12,0,good
4446591,22,0,good
4448661,46,0,excellent
4450326,16,0,good
4451663,1.5,0,good
4452631,43,0,excellent
4454501,28,0,excellent
4455231,9,0,excellent
4458611,49,0,excellent
4459513,5.45,0,fair
4461626,16,0,excellent
4463541,38,0,excellent
4464341,23,0,good
4466314,5.75,0,excellent
4467381,25,0,good
4468731,22,0,excellent
4469225,0.15,0,fair
4470571,31,0,excellent
4472726,21,0,excellent
4473641,52,0,fair
4475235,7.5,0,excellent
4478431,19,0,good
4482311,6.5,0,excellent
4483651,51,0,good
4484215,9,0,good
4486613,31,0,fair
4487636,14,0,good
4488225,1.75,0,excellent
4489454,30,0,
4490391,26,0,excellent
4491286,7.5,0,excellent
4493631,52,0,excellent
4494331,17,0,poor
4497666,16,0,good
4500533,33,0,very poor
4501611,45,0,excellent
4503551,18,0,excellent
4507671,51,1,good
4508395,5.75,0,excellent
4509413,14,0,excellent
4510741,56,0,excellent
4511465,5.75,0,excellent
4512276,15,0,excellent
4514371,17,0,good
4516421,23,0,excellent
4517611,50,1,good
4518554,41,0,very poor
4519351,16,0,excellent
4520291,13,0,excellent
4521281,14,0,excellent
4523603,14,0,good
4524561,39,0,excellent
4525621,51,0,excellent
4526441,11,0,excellent
4528265,,0,
4529391,28,0,good
4530271,15,0,excellent
4531301,17,0,good
4532215,6.5,0,excellent
4533583,1.5,0,excellent
4535581,28,0,good
4536841,71,0,excellent
4537711,56,0,excellent
4540205,0.05,0,good
4541251,9,0,excellent
4542311,13,0,excellent
4543451,17,0,good
4544235,0.15,0,poor
4545406,16,0,good
4546401,15,0,excellent
4548516,13,0,fair
4550281,13,0,excellent
4551255,9,0,excellent
4553431,15,0,excellent
4554371,23,0,good
4556543,1.05,0,good
4557505,18,0,excellent
4558443,14,0,excellent
4560291,13,0,good
4561581,13,0,good
4562195,5.45,0,excellent
4563631,41,0,excellent
4564771,60,0,excellent
4565321,16,0,good
4566501,28,0,good
4568663,41,0,good
4570401,25,0,excellent
4571335,1.5,0,good
4572586,18,0,excellent
4573611,46,0,excellent
4575421,29,0,excellent
4576481,30,0,excellent
4579466,12,0,good
4581721,28,0,excellent
4582532,28,1,excellent
4583501,34,0,excellent
4588291,14,0,excellent
4590661,55,0,good
4591396,13,0,good
4592421,23,0,excellent
4593421,18,0,excellent
4596491,9,0,excellent
4597381,14,0,good
4598275,0.15,0,good
4599246,1.5,0,good
4601511,37,0,excellent
4602424,23,0,very poor
4603581,47,0,excellent
4605321,18,0,good
4607235,6.5,0,excellent
4608683,11,0,excellent
4609371,6,0,good
4610625,37,0,good
4611531,40,0,excellent
4612421,25,0,excellent
4613511,40,0,excellent
4614621,47,0,excellent
4617335,8,0,good
4618291,11,0,good
4619421,25,0,good
4621371,18,0,excellent
4622461,19,0,excellent
4626536,15,0,excellent
4627251,11,0,excellent
4628251,10,0,good
